Model,Assay,R2,RMSE,MAE
FragMoE v5,DPPH,0.5879185341108684,0.23014273437321714,0.1757496106888798
FragMoE v5,ABTS,0.8674356681501719,0.19500904485271806,0.1467654454175245
FragMoE v5,FRAP,0.7888163355453304,0.13663292701219068,0.115626369118008
