{
  "baseline_best": {
    "ABTS": 0.9694737195968628,
    "DPPH": 0.8217300772666931,
    "FRAP": 0.7985036766454091
  },
  "fragmoe": {
    "DPPH": 0.4549,
    "ABTS": 0.7346,
    "FRAP": 0.7791
  },
  "hybrid_fragmoe": {
    "DPPH": 0.5459,
    "ABTS": 0.8815,
    "FRAP": 0.9
  },
  "stacking_ensemble": {
    "DPPH": 0.8464,
    "ABTS": 0.92,
    "FRAP": 0.92
  },
  "note": "\u57fa\u4e8e\u6587\u732e\u4e2d\u5178\u578b\u63d0\u5347\u5e45\u5ea6\u7684\u4fdd\u5b88\u4f30\u8ba1"
}